0,http://vk.com
1,http://yandex.ru/
2,http://mail.ru/
3,http://gosuslugi.ru/
4,http://ok.ru/
5,http://avito.ru/
6,http://wildberries.ru/
7,http://rt.com/
8,http://ria.ru/
9,http://sberbank.ru/
10,http://rambler.ru/
11,http://lenta.ru/
12,http://gismeteo.ru/
13,http://tass.ru/
14,http://rbc.ru/
15,http://ivi.ru/
16,http://rutracker.org/
17,http://rapidgator.net/
18,http://nalog.ru/
19,http://nur.kz/
20,http://dnevnik.ru/
21,http://hh.ru/
22,http://consultant.ru/
23,http://kp.ru/
24,http://tinkoff.ru/
25,http://gazeta.ru/
26,http://gogoanime.io/
27,http://nyaa.si/
28,http://sputniknews.com/
29,http://mos.ru/
30,http://videouroki.net/
31,http://sbrf.ru/
32,http://ytmp3.cc/
33,http://championat.com/
34,http://hi.ru/
35,http://mirconnect.ru/
36,http://habr.com/
37,http://yoomoney.ru/
38,http://sbis.ru/
39,http://2gis.ru/
40,http://doramy.club/
41,http://drom.ru/
42,http://kino-teatr.ru/
43,http://gdz.ru/
44,http://getintopc.com/
45,http://bitrix24.ru/
46,http://pochta.ru/
47,http://multiurok.ru/
48,http://tilda.cc/
49,http://drive2.ru/
50,http://ncore.cc/
51,http://iz.ru/
52,http://yandex.com/
53,http://kontur.ru/
54,http://batds.net/
55,http://liveinternet.ru/
56,http://vc.ru/
57,http://nalog.gov.ru/
58,http://mosreg.ru/
59,http://leroymerlin.ru/
60,http://lamoda.ru/
61,http://lentainform.com/
62,http://litres.ru/
63,http://turbobit.net/
64,http://alfabank.ru/
65,http://skladchik.com/
66,http://kinogo.zone/
67,http://yandex.com.tr/
68,http://conexia.com.br/
69,http://mk.ru/
70,http://mvideo.ru/
71,http://monbin.site/
72,http://smi2.ru/
73,http://one-xhsyrt.world/
74,http://echo.msk.ru/
75,http://linex.com.ua/
76,http://sports.ru/
77,http://galas.org.uk/
78,http://infox.sg/
79,http://kinogo.biz/
80,http://rg.ru/
81,http://citilink.ru/
82,http://kommersant.ru/
83,http://nationlatehistory.top/
84,http://5i8xkqjmqubv.top/
85,http://ivi.tv/
86,http://1tv.ru/
87,http://vseinstrumenti.ru/
88,http://loudjusttravel.top/
89,http://eljur.ru/
90,http://kaspersky.com/
91,http://ucoz.ru/
92,http://pizza29.com/
93,http://skyeng.ru/
94,http://getcourse.ru/
95,http://poshukach.com/
96,http://animepahe.com/
97,http://labirint.ru/
98,http://originalprotectgold.top/
99,http://fitgirl-repacks.site/
100,http://tatar.ru/
101,http://sudact.ru/
102,http://ratecoin.site/
103,http://weightproperty-front.top/
104,http://vz.ru/
105,http://garant.ru/
106,http://tiu.ru/
107,http://fotostrana.ru/
108,http://hot-men-4your.com/
109,http://interfax.ru/
110,http://meduza.io/
111,http://cannonnical.com/
112,http://yandex.by/
113,http://cdek.ru/
114,http://apteka.ru/
115,http://cian.ru/
116,http://rt.ru/
117,http://buxinvest.ru/
118,http://eldorado.ru/
119,http://yandex.net/
120,http://rus.ec/
121,http://aeroflot.ru/
122,http://mobfanpt.org/
123,http://razlozhi.ru/
124,http://tudonoticias.net/
125,http://vtb.ru/
126,http://one-xjkrcg.world/
127,http://woman.ru/
128,http://mamba.ru/
129,http://ontvtime.ru/
130,http://livemaster.ru/
131,http://okcold-yet.top/
132,http://kinobar.cc/
133,http://amocrm.ru/
134,http://sportmail.ru/
135,http://codeforces.com/
136,http://nso.ru/
137,http://elschool.ru/
138,http://bloodleave-fight.top/
139,http://youla.ru/
140,http://zt-za.net/
141,http://mts.ru/
142,http://ncore.pro/
143,http://bellcontaincontinue-7.live/
144,http://infourok.ru/
145,http://sbermegamarket.ru/
146,http://sima-land.ru/
147,http://getespeciallysteam.top/
148,http://ura.news/
149,http://multitran.com/
150,http://coronavirus-monitor.ru/
151,http://premier.one/
152,http://methodcoatevent-12.live/
153,http://prodlenka.org/
154,http://tarixinstitutu.az/
155,http://armeniasputnik.am/
156,http://partyaddprovide-12.live/
157,http://maksadaokgunly.com/
158,http://tilda.ws/
159,http://superjob.ru/
160,http://feetwindyoung-13.live/
161,http://partyaddprovide-8.live/
162,http://mixerparanas.ru/
163,http://sport-express.ru/
164,http://tlk-sarma.ru/
165,http://parallels.com/
166,http://медиаэпоха.рф/
167,http://culture.ru/
168,http://qiwi.com/
169,http://methodcoatevent-7.live/
170,http://vupload.com/
171,http://rp5.ru/
172,http://hesgoal.com/
173,http://lordfilm.lu/
174,http://animego.org/
175,http://rosminzdrav.ru/
176,http://threewent-shore.top/
177,http://algoritmika.org/
178,http://daryn.online/
179,http://e1.ru/
180,http://libgen.rs/
181,http://gazprombank.ru/
182,http://akwam.net/
183,http://megaup.net/
184,http://mp3juices.cc/
185,http://partyaddprovide-1.live/
186,http://reg.ru/
187,http://doodstream.com/
188,http://centralasia.news/
189,http://partyaddprovide-2.live/
190,http://partyaddprovide-6.live/
191,http://arbitr.ru/
192,http://sudrf.ru/
193,http://1sept.ru/
194,http://hse.ru/
195,http://okko.tv/
196,http://moysklad.ru/
197,http://knigaotziv.ru/
198,http://apkcafe.pt/
199,http://studme.org/
200,http://domclick.ru/
201,http://litnet.com/
202,http://ren.tv/
203,http://cntd.ru/
204,http://rutracker.net/
205,http://yookassa.ru/
206,http://kazansummit.com/
207,http://wfpro.ru/
208,http://stonetinyfinal.top/
209,http://единыйурок.рф/
210,http://hdrezka.re/
211,http://ixbt.com/
212,http://gtloli.live/
213,http://inosmi.ru/
214,http://megaresheba.ru/
215,http://ranepa.ru/
216,http://americancouncilstm.org/
217,http://countrycornobject.live/
218,http://megafon.ru/
219,http://tmyurthabar.com/
220,http://rzd.ru/
221,http://libgen.is/
222,http://ezizerkin.com/
223,http://partyaddprovide-4.live/
224,http://edu-74.ru/
225,http://rnk-concept.ru/
226,http://igroutka.ru/
227,http://embaixadangola.ru/
228,http://sravni.ru/
229,http://yandex.kz/
230,http://zt-protect.com/
231,http://mgimo.ru/
232,http://megatexnika.uz/
233,http://plugintheme.net/
234,http://webinar.ru/
235,http://vkks.ru/
236,http://battextile.com/
237,http://мвд.рф/
238,http://cottonlegwhere.top/
239,http://game-roblox.ru/
240,http://finaz.ru/
241,http://aif.ru/
242,http://cyberforum.ru/
243,http://fontanka.ru/
244,http://fssp.gov.ru/
245,http://rutube.ru/
246,http://wowbag.ru/
247,http://ageev.school/
248,http://elibrary.ru/
249,http://golden-genom.ru/
250,http://vokrug.tv/
251,http://fg-wilson.ru/
252,http://riatservice.ru/
253,http://studentswimcorn-4.live/
254,http://partner.ru/
255,http://exist.ru/
256,http://skrbtia.xyz/
257,http://costaspain.net/
258,http://bellcontaincontinue-9.live/
259,http://внештранс-альянс.рф/
260,http://more.tv/
261,http://kaspersky.it/
262,http://tatarstan.ru/
263,http://moreigr.com/
264,http://astrovizor.ru/
265,http://fastpic.org/
266,http://mahribanobam.com/
267,http://solutions-tm.com/
268,http://zakupki.gov.ru/
269,http://qsp.su/
270,http://tnt-online.ru/
271,http://turkmen-sohle.com/
272,http://ddgretreat.com/
273,http://zaycev.net/
274,http://life.ru/
275,http://library.lol/
276,http://ntv.ru/
277,http://diary.ru/
278,http://rso23.ru/
279,http://wowmarketnail.com/
280,http://azm.to/
281,http://e-katalog.ru/
282,http://apkpro.ru/
283,http://sng.today/
284,http://angi.ru/
285,http://avtogogo.com/
286,http://kopilkaurokov.ru/
287,http://ktps.ru/
288,http://medic-infors.ru/
289,http://sujok.ru/
290,http://thelastgame.ru/
291,http://rosreestr.ru/
292,http://ufaplanetarium.ru/
293,http://zetflix.top/
294,http://eapteka.ru/
295,http://motobunker.ru/
296,http://tochka.com/
297,http://kinoman74.ru/
298,http://ijjiii.is/
299,http://ambassade-benin.org/
300,http://faberlic.com/
301,http://animaciebi.com/
302,http://paodkb.org/
303,http://online-red.com/
304,http://ruporus.net/
305,http://tvrain.ru/
306,http://avon.ru/
307,http://1commerce.ru/
308,http://promodj.com/
309,http://demobilization.ru/
310,http://sudarshana.ru/
311,http://kantripol.ru/
312,http://bancaintesa.ru/
313,http://muzofond.fm/
314,http://8x6i5.xyz/
315,http://berkut-compressor.com/
316,http://9111.ru/
317,http://galamdash.com/
318,http://masterrazborov.com/
319,http://regnum.ru/
320,http://sem-az.net/
321,http://optimumfitness.ru/
322,http://aboutcausepiece-14.live/
323,http://стопкоронавирус.рф/
324,http://навигатор.дети/
325,http://skrbtja.xyz/
326,http://kpfu.ru/
327,http://vector-images.de/
328,http://belmebspb.ru/
329,http://afisha.ru/
330,http://walldekor.ru/
331,http://playground.ru/
332,http://raiffeisen.ru/
333,http://sexstubes.com/
334,http://gateline.net/
335,http://globtourism.com/
336,http://oxy.st/
337,http://povarenokk.ru/
338,http://fishki.net/
339,http://aoe2.ru/
340,http://richmond-baby.com/
341,http://vkusisusi.ru/
342,http://kremlin.ru/
343,http://hdreactor.club/
344,http://tijani.net/
345,http://upstream.to/
346,http://gogov.ru/
347,http://bestchange.ru/
348,http://shkola-sb.ru/
349,http://garikova.ru/
350,http://puzyrzhelch.ru/
351,http://blockchair.com/
352,http://mycdn.me/
353,http://feetwindyoung-5.live/
354,http://ruobr.ru/
355,http://volganet.ru/
356,http://cosmo.ru/
357,http://ilogo.md/
358,http://pravo.gov.ru/
359,http://edusite.ru/
360,http://lordfilm.energy/
361,http://fzmovies.net/
362,http://svyaznoy.ru/
363,http://dramacool.ae/
364,http://photoshopsunduchok.ru/
365,http://o-v-r.su/
366,http://darun.ru/
367,http://учукитайский.рф/
368,http://nation-news.ru/
369,http://kinogo.eu/
370,http://10minecraft.ru/
371,http://resh.edu.ru/
372,http://hit-info.ru/
373,http://my.games/
374,http://sanatoriymechta.ru/
375,http://studentswimcorn-12.live/
376,http://lingvistov.net/
377,http://olimpiada.ru/
378,http://admhmao.ru/
379,http://rcmyair.ru/
380,http://tutu.ru/
381,http://bestdealfor36.life/
382,http://stihi.ru/
383,http://mega-talant.com/
384,http://rlsnet.ru/
385,http://crosstore.ru/
386,http://zvuch.com/
387,http://portalopt.ru/
388,http://dellin.ru/
389,http://learnenglish-new.com/
390,http://vedomosti.ru/
391,http://kidstva.com/
392,http://haschange.com/
393,http://riafan.ru/
394,http://stoloto.ru/
395,http://instantizer.com/
396,http://night-bird.ru/
397,http://klerk.ru/
398,http://nepodarki.com/
399,http://one-smi.ru/
400,http://andra.marketing/
401,http://smotrim.ru/
402,http://pidruchniki.com/
403,http://foxford.ru/
404,http://destinysneakers.com/
405,http://inyan.cafe/
406,http://onlinetrade.ru/
407,http://vesti.ru/
408,http://givemehack.com/
409,http://vl.ru/
410,http://biqle.ru/
411,http://kegliprint.ru/
412,http://rospotrebnadzor.ru/
413,http://mdo54.ru/
414,http://medic-informator-q.ru/
415,http://russia-ic.com/
416,http://drivemusic.me/
417,http://sccomfort.ru/
418,http://carrick.ru/
419,http://tark-news.com/
420,http://lumpics.ru/
421,http://routerpro.ru/
422,http://dns-shop.ru/
423,http://nemolyaeva.ru/
424,http://artwebtm.ru/
425,http://theplace.click/
426,http://seriesflixapp.net/
427,http://comfort-myhouse.ru/
428,http://smpodarkov.ru/
429,http://tsargrad.tv/
430,http://tazeay.com/
431,http://futbolarg.com/
432,http://yuplay.ru/
433,http://dsk-doors.ru/
434,http://studbooks.net/
435,http://ngs.ru/
436,http://rybnica.ru/
437,http://seriesly.org/
438,http://newstartnews.com/
439,http://coub.com/
440,http://kartaslov.ru/
441,http://lefturl.com/
442,http://detmir.ru/
443,http://rauie.cn/
444,http://mosbeautyshop.ru/
445,http://beeline.ru/
446,http://kotozavrik.ru/
447,http://vsopen.ru/
448,http://compucalitv.com/
449,http://rustih.ru/
450,http://364.su/
451,http://mangadex.org/
452,http://tubevideo.eu/
453,http://himgrad.ru/
454,http://gostinitsa-izmaylovo.ru/
455,http://poimru.net/
456,http://rop.ru/
457,http://brovipmuonline.ru/
458,http://mykonspekts.ru/
459,http://petrovich.ru/
460,http://mirtesen.ru/
461,http://sportmaster.ru/
462,http://spp.ru/
463,http://vetrf.ru/
464,http://happy-fashion.ru/
465,http://kinodevice.net/
466,http://metall-trade.su/
467,http://kniiran.ru/
468,http://ideals.lv/
469,http://sport24.ru/
470,http://kiv-125.ru/
471,http://bizon365.ru/
472,http://sharprime.ru/
473,http://uvs174.ru/
474,http://orenbs.info/
475,http://rosuchebnik.ru/
476,http://darkside.ru/
477,http://theoccult.click/
478,http://megogo.ru/
479,http://ochnik-plus.ru/
480,http://mr-info.ru/
481,http://pravoved.ru/
482,http://beruvyhodnoy.ru/
483,http://alemdo.com/
484,http://boxfaces.com/
485,http://skrbtha.xyz/
486,http://3dnews.ru/
487,http://buxon.net/
488,http://zephir.shop/
489,http://smart-lab.ru/
490,http://trioeasytone.ru/
491,http://spaceyou.ru/
492,http://activadorkey.xyz/
493,http://coindar.org/
494,http://kdelo.ru/
495,http://sber.ru/
496,http://gruzo-taxi.info/
497,http://animeshare.su/
498,http://infocopter.ru/
499,http://classical-music-online.net/
500,http://coral-wellness.org/
501,http://caomin666.com/
502,http://4ege.ru/
503,http://urfu.ru/
504,http://chichester.ru/
505,http://status-invest.de/
506,http://vfsvisaservicesrussia.com/
507,http://akush.spb.ru/
508,http://golbet.ru/
509,http://academschool16.ru/
510,http://cardiograf.com/
511,http://uytservis.ru/
512,http://iomoio.com/
513,http://kadikama.ru/
514,http://gipertoniya.guru/
515,http://wol.su/
516,http://farsiland.com/
517,http://oriflame.ru/
518,http://fapki.com/
519,http://pigment-shop.ru/
520,http://autoweboffice.ru/
521,http://deutschcourses.com/
522,http://tvseriya.net/
523,http://topwar.ru/
524,http://cap.ru/
525,http://falar-shop.ru/
526,http://alrol.ru/
527,http://svoboda-karta.ru/
528,http://hockey-ekb.ru/
529,http://rus-bondar.ru/
530,http://vesinores.com/
531,http://2captcha.com/
532,http://aktay-group.com/
533,http://z-mazda.ru/
534,http://metrolagu.uk/
535,http://one-xjklqw.world/
536,http://ringogoda.org/
537,http://дисконт-реклама.рф/
538,http://audiobooksclub.ru/
539,http://vodokras.ru/
540,http://profileschool.ru/
541,http://mirvarishop.az/
542,http://tonecator.com/
543,http://dorstroycom.ru/
544,http://admmuji.ru/
545,http://srvv.org/
546,http://glavbukh.ru/
547,http://glutenfreediet.ru/
548,http://mig-samara.ru/
549,http://360tv.ru/
550,http://1hack.net/
551,http://akgap.com/
552,http://siriusolymp.ru/
553,http://biruzakrd.ru/
554,http://smotrets.online/
555,http://chretientv.com/
556,http://24video.click/
557,http://uk-kupelinka.ru/
558,http://gesipa.ru/
559,http://leobinari.com/
560,http://ultraplast.ru/
561,http://rp5.ua/
562,http://dataekb.ru/
563,http://oboi24.com/
564,http://astromeridian.ru/
565,http://logotextom.com/
566,http://ulmag73.ru/
567,http://dicepig.one/
568,http://fss.ru/
569,http://mpsh.ru/
570,http://tversu.ru/
571,http://schoolofriskmanagement.xyz/
572,http://steppesheep.com/
573,http://findyourpleasure7.life/
574,http://tomsk.ru/
575,http://trovanumeri.com/
576,http://shushu8.com/
577,http://menshacker.ru/
578,http://leonardo.ru/
579,http://creativo.one/
580,http://proffengineering.ru/
581,http://tele2.ru/
582,http://smile-city.ru/
583,http://rkomi.ru/
584,http://tudor-farfor.ru/
585,http://jarptica.com/
586,http://kurilskiybereg.ru/
587,http://satu.kz/
588,http://menton.su/
589,http://gost.ru/
590,http://yanao.ru/
591,http://ontoprint.ru/
592,http://calendarios365.su/
593,http://macavv.online/
594,http://nur.market/
595,http://mirautoas.com/
596,http://prontoprint.ru/
597,http://italiawiki.com/
598,http://msu.ru/
599,http://softdlyavas.ru/
600,http://natalcarta.ru/
601,http://calendario.su/
602,http://fanfics.me/
603,http://hanni.pro/
604,http://timeweb.ru/
605,http://signumvent.ru/
606,http://tandiroom.ru/
607,http://sazhenremonta.ru/
608,http://fokinacoach.ru/
609,http://hanziway.com/
610,http://geolock.ru/
611,http://i-like-travel.ru/
612,http://mir24.tv/
613,http://tandischool.ru/
614,http://zavodbt.ru/
615,http://ihtios.art/
616,http://oilloot.ru/
617,http://gramota.ru/
618,http://karateka.org/
619,http://studyflight.ru/
620,http://mahankirn.ru/
621,http://mers-academy.com/
622,http://movieseriestv.net/
623,http://bricsmath.com/
624,http://hotlog.ru/
625,http://завод-лестниц.рф/
626,http://idawtypyui.info/
627,http://neon.today/
628,http://o5nline.ru/
629,http://umao.ru/
630,http://ug-kvartal.ru/
631,http://гибдд.рф/
632,http://tradeease.net/
633,http://audit-it.ru/
634,http://md-cargo.ru/
635,http://ctc.ru/
636,http://bankinaiznanky.ru/
637,http://lidiyasvitenko.ru/
638,http://mega-mult.ru/
639,http://unelma.info/
640,http://alib.ru/
641,http://banks-in.ru/
642,http://durerarts.com/
643,http://many-times.ru/
644,http://pfrf.ru/
645,http://vk-presents.ru/
646,http://torgovyi.ru/
647,http://7gy.ru/
648,http://histoires-de-sexe-gratuites.com/
649,http://renfur.ru/
650,http://desolate.game/
651,http://lukse.ru/
652,http://spletnik.ru/
653,http://the-your-men1.com/
654,http://theordinary-shop.ru/
655,http://tp-v.ru/
656,http://studref.com/
657,http://invitro.ru/
658,http://amedia.online/
659,http://stomatol.ru/
660,http://coderoad.ru/
661,http://cybersport.ru/
662,http://cgbandit.com/
663,http://arthotel31.ru/
664,http://xookoo.ru/
665,http://novoroskhp.ru/
666,http://drberg.eu/
667,http://taxi-po-krimu.ru/
668,http://programmi-di-fidelizzazione.xyz/
669,http://borzblack.ru/
670,http://vtb24.ru/
671,http://digitronic-service.ru/
672,http://starfishdiving.com/
673,http://skysmart.ru/
674,http://endonorm.ru/
675,http://каталог-тианде.рф/
676,http://gbo-servis.ru/
677,http://solnceyuga.ru/
678,http://mir-knig.com/
679,http://lovato.ru/
680,http://htmleditors.ru/
681,http://ффво.рф/
682,http://anarim.az/
683,http://valencia-rus.ru/
684,http://zakaztm.ru/
685,http://tranio.ru/
686,http://vape4life.ru/
687,http://u-mama.ru/
688,http://la-bouche-du-roi.com/
689,http://koiferma.ru/
690,http://gounn.ru/
691,http://amper-m.ru/
692,http://nhl-news.ru/
693,http://arkoconsulting.ru/
694,http://prokolgotki.ru/
695,http://vition-magazin.ru/
696,http://tobias-loos.de/
697,http://bfm.biz/
698,http://banki.ru/
699,http://ivanlyubenko.ru/
700,http://uk-4suns.ru/
701,http://siberianhealth.com/
702,http://guzvabar.com/
703,http://pechi-kamin.ru/
704,http://emex.ru/
705,http://stereopizza.ru/
706,http://teenbait.net/
707,http://tmdoska.ru/
708,http://findapet.ru/
709,http://u-projectstudio.ru/
710,http://alib.photo/
711,http://gansmarta.ru/
712,http://liang360.com/
713,http://rgali.ru/
714,http://avtodispetcher.ru/
715,http://seba-hydro.ru/
716,http://med-kontakt.ru/
717,http://hellhog.ru/
718,http://wooordhunt.ru/
719,http://mamanizza.com/
720,http://agro-krd.ru/
721,http://warface.com/
722,http://text-lyrics.net/
723,http://classes.ru/
724,http://navitel.su/
725,http://mercedes-service.ru/
726,http://dahulutou.com/
727,http://3commas.io/
728,http://natalyland.ru/
729,http://yclients.com/
730,http://yourbigexplosivewin.life/
731,http://okofe4you.online/
732,http://alpariforex.org/
733,http://vera-72.com/
734,http://topf.ru/
735,http://ccautofr.com/
736,http://umschool.net/
737,http://mid.ru/
738,http://goshmak.com/
739,http://dentlman.ru/
740,http://zhenskij-vzgljad.ru/
741,http://viza39.com/
742,http://profi.ru/
743,http://malinovka.org/
744,http://gamasexual.com/
745,http://8xkvw.xyz/
746,http://ret.ru/
747,http://med-ram.ru/
748,http://geofilmebi.com/
749,http://htmlbook.ru/
750,http://sander.ru/
751,http://sturm-moskva.ru/
752,http://vavadatop.site/
753,http://livechat.su/
754,http://sainf.ru/
755,http://udipedia-live.ru/
756,http://hot-date-now4.com/
757,http://worldescortangels.com/
758,http://varlamov.ru/
759,http://vratamirov.com/
760,http://rosreestr.gov.ru/
761,http://ojagym.com/
762,http://bestdealfor34.life/
763,http://brasileironarussia.com/
764,http://guberndvor.ru/
765,http://qr4yc88div1s.top/
766,http://trudvsem.ru/
767,http://ilaowang07.xyz/
768,http://dnk-laboratory.ru/
769,http://o-date.ru/
770,http://mz-sinergia.ru/
771,http://arabic4all.ru/
772,http://moipetelki.ru/
773,http://nextek.ru/
774,http://сосновыйбор-кострома.рф/
775,http://permkrai.ru/
776,http://gtloli.one/
777,http://ventik.ru/
778,http://moypolk.ru/
779,http://zodufa.ru/
780,http://eva.ru/
781,http://sk-spartak.ru/
782,http://polarbird.com/
783,http://eg.ru/
784,http://mediametrics.ru/
785,http://fb.ru/
786,http://remont-zerkal.ru/
787,http://vrit.me/
788,http://neftgame.org/
789,http://poisking.ru/
790,http://limak.ru/
791,http://zdravcity.ru/
792,http://kosantra.ru/
793,http://finam.ru/
794,http://naidi.site/
795,http://yarflowers.ru/
796,http://armclinic.ru/
797,http://lansp.ru/
798,http://crocusfitness.az/
799,http://ritualofdating.com/
800,http://estetic-art.ru/
801,http://autoparts-tm.biz/
802,http://gdtot.com/
803,http://zvezdaved.ru/
804,http://vokrugsveta.ru/
805,http://alllight-online.ru/
806,http://kensity.ru/
807,http://avtoarenda26.ru/
808,http://mir-vital.eu/
809,http://kinotavr.ru/
810,http://popwords.ru/
811,http://nyvel.ru/
812,http://livefootball.su/
813,http://такси-домодедово.москва/
814,http://blagushin.ru/
815,http://slab31.ru/
816,http://valentina-medvedeva.ru/
817,http://imagename.ru/
818,http://bczelenograd.ru/
819,http://bazahobby.ru/
820,http://sundevelopment.ru/
821,http://nadin-toys.ru/
822,http://edimdoma.ru/
823,http://0gomovies.li/
824,http://sportet.ru/
825,http://knittingideas.ru/
826,http://8x7rp.xyz/
827,http://bombaster.shop/
828,http://samlib.ru/
829,http://xjr-club.ru/
830,http://anar.ru/
831,http://italiaamo.ru/
832,http://humak.ru/
833,http://school-xyz.com/
834,http://prosrochka22.ru/
835,http://justclick.ru/
836,http://assistentus.ru/
837,http://bayern-auto.ru/
838,http://karaoke-duet.ru/
839,http://leadyourvictory.com/
840,http://putc.org/
841,http://crimezone.in.ua/
842,http://lebedeva33.ru/
843,http://sber-zvuk.com/
844,http://caa.moscow/
845,http://zgwp.net/
846,http://videobox.cx/
847,http://travelask.ru/
848,http://bahareva.com/
849,http://mirrobotics.ru/
850,http://gradusy.com/
851,http://lavanda.salon/
852,http://гидроизоляция-краснодар.рф/
853,http://mi-austria.at/
854,http://shendrikov.online/
855,http://pizzamusic.ru/
856,http://aorem.ru/
857,http://beget.tech/
858,http://цыганероссии.рф/
859,http://ekambarate.co.uk/
860,http://dinipleace.ru/
861,http://fgoupsk.ru/
862,http://picmir.nl/
863,http://infopage.tj/
864,http://rshb.ru/
865,http://cdt-west.ru/
866,http://localdates22.com/
867,http://koronalabs.ru/
868,http://restoran-randevu.ru/
869,http://elmandarino.ru/
870,http://mrt-ola.ru/
871,http://ukrf24.ru/
872,http://fushaar.com/
873,http://sculpt-art.com/
874,http://diablo.su/
875,http://downloadisready.com/
876,http://westernbitc.com/
877,http://imo-messenger.ru/
878,http://tourism-travel-guide.ru/
879,http://novayagazeta.ru/
880,http://gnula.nu/
881,http://wildberries.fr/
882,http://turarticle.ru/
883,http://sy.com.ua/
884,http://proza.ru/
885,http://brickarmshop.store/
886,http://olgainoue.com/
887,http://emiliemusee.ru/
888,http://david-byron.ru/
889,http://justmama.online/
890,http://mixerbabki.ru/
891,http://phantastike.com/
892,http://gorkaclub.ru/
893,http://capriceservice.de/
894,http://rtdeutsch.com/
895,http://ticketbank.de/
896,http://pesnigoo.ru/
897,http://pyzhikphoto.ru/
898,http://recepti-foreli.ru/
899,http://slife.pro/
900,http://speekify.com/
901,http://liveclasses.ru/
902,http://8xafd.xyz/
903,http://driverpack.io/
904,http://vsepravilno.com/
905,http://khimki-expert.ru/
906,http://opolimerke.ru/
907,http://f1news.ru/
908,http://dengidela.com/
909,http://microplant.ru/
910,http://kinopoisk.ru/
911,http://kindkino.ru/
912,http://menologistics.com/
913,http://nn-trio.ru/
914,http://stickprint.ru/
915,http://sinonim.org/
916,http://one-xhcbmb.world/
917,http://partyaddprovide-15.live/
918,http://maydaystudio.ru/
919,http://smmacademy-bis.ru/
920,http://kodifikant.ru/
921,http://investr-pro.ru/
922,http://survstat.ru/
923,http://doctorchikunov.ru/
924,http://pic-pic.ru/
925,http://relatoseroticos-gratis.com/
926,http://f-butik.ru/
927,http://sevgames.ru/
928,http://muzkult.ru/
929,http://bet365.ru/
930,http://nasledie-rus.ru/
931,http://tdstroyka.by/
932,http://stripedboxdolls.com/
933,http://e-yakutia.ru/
934,http://aptekanadom.com/
935,http://cosdefum.md/
936,http://anekdot.ru/
937,http://mtt.kg/
938,http://olumptrades.com/
939,http://osnmedia.ru/
940,http://raeliceum.ru/
941,http://edu22.info/
942,http://belousova-tatiana.com/
943,http://art-tehnika.ru/
944,http://recruter24.ru/
945,http://rybavprud.ru/
946,http://studentswimcorn-14.live/
947,http://onlinetestpad.com/
948,http://moygrozny.ru/
949,http://fermilon.ru/
950,http://healthclub.ru/
951,http://hilliulag.com/
952,http://detskie-mp3.ru/
953,http://dumsk.com/
954,http://inmyroom.ru/
955,http://skillbox.ru/
956,http://ladys-hits.com/
957,http://pornohubpromo.site/
958,http://stankozavod.su/
959,http://eda-sport.ru/
960,http://lama-capola.ru/
961,http://policrest.com/
962,http://lordfilm.us/
963,http://adoya.club/
964,http://kuhni.me/
965,http://vbr.ru/
966,http://odd-meter.com/
967,http://pradoplus.ru/
968,http://zan.kz/
969,http://sewrem.ru/
970,http://airtn.fr/
971,http://taplink.cc/
972,http://okidk.de/
973,http://igromania.ru/
974,http://marketingmasha.ru/
975,http://knownews.ru/
976,http://medecine-paris.ru/
977,http://germanytrip.ru/
978,http://alonewolfsoft.ru/
979,http://nissancode.ru/
980,http://7days.ru/
981,http://starlab-mdc.ru/
982,http://etm.ru/
983,http://garantia-plus.ru/
984,http://politaufkleber.de/
985,http://minecraft10.net/
986,http://f-ranevskaya.ru/
987,http://gks.ru/
988,http://applyimpinge.info/
989,http://eduportal44.ru/
990,http://intalia.ru/
991,http://my-publication.ru/
992,http://mega54.ru/
993,http://saintscream.ru/
994,http://shiba.limited/
995,http://fields4e.com/
996,http://redpilldev.tech/
997,http://inlloret-home.com/
998,http://eurocoach.ru/
999,http://goodhouse.ru/
